modelo;variavel_codificada
classifier;ano_processo
classifier;log_hectares
classifier;regime=Lavra-Concessão
classifier;regime=Pesquisa
classifier;uf=Acre
classifier;uf=Alagoas
classifier;uf=Amapá
classifier;uf=Amazonas
classifier;uf=Bahia
classifier;uf=Ceará
classifier;uf=Distrito Federal
classifier;uf=Espírito Santo
classifier;uf=Goiás
classifier;uf=Maranhão
classifier;uf=Mato Grosso
classifier;uf=Mato Grosso do Sul
classifier;uf=Minas Gerais
classifier;uf=Paraná
classifier;uf=Paraíba
classifier;uf=Pará
classifier;uf=Pernambuco
classifier;uf=Piauí
classifier;uf=Rio Grande do Norte
classifier;uf=Rio Grande do Sul
classifier;uf=Rio de Janeiro
classifier;uf=Rondônia
classifier;uf=Roraima
classifier;uf=Santa Catarina
classifier;uf=Sergipe
classifier;uf=São Paulo
classifier;uf=Tocantins
regressor;ano_processo
regressor;dias_ultimo_evento
regressor;evento_1
regressor;evento_100
regressor;evento_1005
regressor;evento_1007
regressor;evento_1008
regressor;evento_101
regressor;evento_1010
regressor;evento_1016
regressor;evento_1017
regressor;evento_1021
regressor;evento_1022
regressor;evento_1023
regressor;evento_1024
regressor;evento_1025
regressor;evento_1026
regressor;evento_1027
regressor;evento_1029
regressor;evento_1030
regressor;evento_1034
regressor;evento_1035
regressor;evento_104
regressor;evento_1041
regressor;evento_1042
regressor;evento_1043
regressor;evento_1044
regressor;evento_1045
regressor;evento_105
regressor;evento_1054
regressor;evento_1055
regressor;evento_1057
regressor;evento_1058
regressor;evento_1059
regressor;evento_106
regressor;evento_1062
regressor;evento_1064
regressor;evento_107
regressor;evento_1078
regressor;evento_108
regressor;evento_109
regressor;evento_1090
regressor;evento_1116
regressor;evento_1119
regressor;evento_114
regressor;evento_1147
regressor;evento_1149
regressor;evento_115
regressor;evento_1150
regressor;evento_1151
regressor;evento_1152
regressor;evento_1153
regressor;evento_1154
regressor;evento_1155
regressor;evento_1156
regressor;evento_1159
regressor;evento_1160
regressor;evento_1161
regressor;evento_1162
regressor;evento_1165
regressor;evento_1166
regressor;evento_1167
regressor;evento_1169
regressor;evento_1170
regressor;evento_1171
regressor;evento_1172
regressor;evento_1173
regressor;evento_1175
regressor;evento_1176
regressor;evento_1177
regressor;evento_1178
regressor;evento_1179
regressor;evento_118
regressor;evento_1180
regressor;evento_1182
regressor;evento_119
regressor;evento_1191
regressor;evento_1192
regressor;evento_1193
regressor;evento_1194
regressor;evento_1202
regressor;evento_1203
regressor;evento_1205
regressor;evento_1207
regressor;evento_1208
regressor;evento_1209
regressor;evento_121
regressor;evento_1210
regressor;evento_1215
regressor;evento_122
regressor;evento_124
regressor;evento_125
regressor;evento_1273
regressor;evento_1274
regressor;evento_1275
regressor;evento_1277
regressor;evento_1280
regressor;evento_1281
regressor;evento_1282
regressor;evento_1283
regressor;evento_1284
regressor;evento_1286
regressor;evento_1287
regressor;evento_1288
regressor;evento_1289
regressor;evento_1291
regressor;evento_1293
regressor;evento_130
regressor;evento_1305
regressor;evento_1306
regressor;evento_131
regressor;evento_1319
regressor;evento_132
regressor;evento_1320
regressor;evento_133
regressor;evento_1338
regressor;evento_134
regressor;evento_1340
regressor;evento_1341
regressor;evento_1342
regressor;evento_1343
regressor;evento_1348
regressor;evento_1349
regressor;evento_135
regressor;evento_1350
regressor;evento_1351
regressor;evento_1356
regressor;evento_1359
regressor;evento_136
regressor;evento_1362
regressor;evento_1363
regressor;evento_1364
regressor;evento_1368
regressor;evento_137
regressor;evento_1371
regressor;evento_138
regressor;evento_1386
regressor;evento_1387
regressor;evento_1388
regressor;evento_139
regressor;evento_1390
regressor;evento_1391
regressor;evento_1396
regressor;evento_1397
regressor;evento_1398
regressor;evento_140
regressor;evento_1400
regressor;evento_1401
regressor;evento_1404
regressor;evento_1407
regressor;evento_1409
regressor;evento_1415
regressor;evento_1417
regressor;evento_143
regressor;evento_149
regressor;evento_150
regressor;evento_151
regressor;evento_1511
regressor;evento_1513
regressor;evento_1522
regressor;evento_1523
regressor;evento_1524
regressor;evento_1531
regressor;evento_1533
regressor;evento_154
regressor;evento_155
regressor;evento_1550
regressor;evento_1551
regressor;evento_1553
regressor;evento_156
regressor;evento_157
regressor;evento_158
regressor;evento_159
regressor;evento_162
regressor;evento_163
regressor;evento_165
regressor;evento_1664
regressor;evento_1666
regressor;evento_1669
regressor;evento_167
regressor;evento_1670
regressor;evento_1675
regressor;evento_1679
regressor;evento_1680
regressor;evento_1691
regressor;evento_1692
regressor;evento_1693
regressor;evento_1694
regressor;evento_170
regressor;evento_1701
regressor;evento_1704
regressor;evento_1709
regressor;evento_1713
regressor;evento_1714
regressor;evento_1724
regressor;evento_1726
regressor;evento_1727
regressor;evento_1728
regressor;evento_1729
regressor;evento_1731
regressor;evento_1732
regressor;evento_1734
regressor;evento_1737
regressor;evento_1738
regressor;evento_1739
regressor;evento_1744
regressor;evento_175
regressor;evento_176
regressor;evento_1761
regressor;evento_1764
regressor;evento_1777
regressor;evento_1778
regressor;evento_178
regressor;evento_1782
regressor;evento_1783
regressor;evento_1784
regressor;evento_1787
regressor;evento_1788
regressor;evento_180
regressor;evento_1801
regressor;evento_1802
regressor;evento_1803
regressor;evento_1806
regressor;evento_1807
regressor;evento_1808
regressor;evento_1809
regressor;evento_181
regressor;evento_1810
regressor;evento_1811
regressor;evento_1812
regressor;evento_1817
regressor;evento_1818
regressor;evento_1819
regressor;evento_182
regressor;evento_1820
regressor;evento_1821
regressor;evento_1826
regressor;evento_1827
regressor;evento_1828
regressor;evento_1831
regressor;evento_1837
regressor;evento_1845
regressor;evento_1847
regressor;evento_185
regressor;evento_1858
regressor;evento_1859
regressor;evento_186
regressor;evento_1860
regressor;evento_1864
regressor;evento_1865
regressor;evento_187
regressor;evento_1871
regressor;evento_1872
regressor;evento_1879
regressor;evento_188
regressor;evento_1881
regressor;evento_1884
regressor;evento_1885
regressor;evento_1886
regressor;evento_1890
regressor;evento_1891
regressor;evento_1894
regressor;evento_1895
regressor;evento_190
regressor;evento_191
regressor;evento_192
regressor;evento_193
regressor;evento_1930
regressor;evento_1931
regressor;evento_1934
regressor;evento_1935
regressor;evento_1938
regressor;evento_1939
regressor;evento_194
regressor;evento_195
regressor;evento_1950
regressor;evento_1951
regressor;evento_1954
regressor;evento_1955
regressor;evento_196
regressor;evento_1965
regressor;evento_1966
regressor;evento_197
regressor;evento_1974
regressor;evento_1976
regressor;evento_198
regressor;evento_1986
regressor;evento_1988
regressor;evento_199
regressor;evento_2
regressor;evento_200
regressor;evento_201
regressor;evento_204
regressor;evento_206
regressor;evento_2065
regressor;evento_207
regressor;evento_2073
regressor;evento_2075
regressor;evento_2076
regressor;evento_208
regressor;evento_2086
regressor;evento_2087
regressor;evento_209
regressor;evento_2095
regressor;evento_2096
regressor;evento_21
regressor;evento_2101
regressor;evento_2106
regressor;evento_2107
regressor;evento_2108
regressor;evento_2114
regressor;evento_2116
regressor;evento_2118
regressor;evento_2119
regressor;evento_2139
regressor;evento_214
regressor;evento_215
regressor;evento_2159
regressor;evento_216
regressor;evento_221
regressor;evento_222
regressor;evento_223
regressor;evento_2230
regressor;evento_224
regressor;evento_225
regressor;evento_2268
regressor;evento_227
regressor;evento_2275
regressor;evento_228
regressor;evento_230
regressor;evento_231
regressor;evento_2310
regressor;evento_232
regressor;evento_2338
regressor;evento_2340
regressor;evento_2341
regressor;evento_2342
regressor;evento_2348
regressor;evento_2349
regressor;evento_235
regressor;evento_2350
regressor;evento_2351
regressor;evento_2352
regressor;evento_2353
regressor;evento_236
regressor;evento_237
regressor;evento_238
regressor;evento_239
regressor;evento_240
regressor;evento_241
regressor;evento_242
regressor;evento_243
regressor;evento_244
regressor;evento_245
regressor;evento_249
regressor;evento_250
regressor;evento_251
regressor;evento_252
regressor;evento_253
regressor;evento_255
regressor;evento_256
regressor;evento_257
regressor;evento_260
regressor;evento_261
regressor;evento_262
regressor;evento_263
regressor;evento_264
regressor;evento_265
regressor;evento_2664
regressor;evento_268
regressor;evento_27
regressor;evento_270
regressor;evento_271
regressor;evento_272
regressor;evento_273
regressor;evento_275
regressor;evento_276
regressor;evento_277
regressor;evento_278
regressor;evento_279
regressor;evento_280
regressor;evento_2802
regressor;evento_281
regressor;evento_282
regressor;evento_283
regressor;evento_284
regressor;evento_285
regressor;evento_286
regressor;evento_290
regressor;evento_291
regressor;evento_2917
regressor;evento_293
regressor;evento_294
regressor;evento_296
regressor;evento_299
regressor;evento_3
regressor;evento_302
regressor;evento_303
regressor;evento_305
regressor;evento_307
regressor;evento_308
regressor;evento_309
regressor;evento_310
regressor;evento_312
regressor;evento_313
regressor;evento_314
regressor;evento_315
regressor;evento_316
regressor;evento_317
regressor;evento_318
regressor;evento_320
regressor;evento_321
regressor;evento_322
regressor;evento_323
regressor;evento_324
regressor;evento_325
regressor;evento_326
regressor;evento_327
regressor;evento_328
regressor;evento_330
regressor;evento_331
regressor;evento_332
regressor;evento_336
regressor;evento_338
regressor;evento_340
regressor;evento_349
regressor;evento_350
regressor;evento_351
regressor;evento_352
regressor;evento_356
regressor;evento_357
regressor;evento_359
regressor;evento_360
regressor;evento_361
regressor;evento_362
regressor;evento_363
regressor;evento_364
regressor;evento_365
regressor;evento_366
regressor;evento_369
regressor;evento_370
regressor;evento_380
regressor;evento_386
regressor;evento_390
regressor;evento_391
regressor;evento_392
regressor;evento_393
regressor;evento_394
regressor;evento_395
regressor;evento_396
regressor;evento_398
regressor;evento_399
regressor;evento_4
regressor;evento_400
regressor;evento_401
regressor;evento_403
regressor;evento_406
regressor;evento_407
regressor;evento_411
regressor;evento_418
regressor;evento_421
regressor;evento_423
regressor;evento_430
regressor;evento_436
regressor;evento_440
regressor;evento_448
regressor;evento_451
regressor;evento_452
regressor;evento_455
regressor;evento_459
regressor;evento_460
regressor;evento_461
regressor;evento_465
regressor;evento_470
regressor;evento_471
regressor;evento_472
regressor;evento_473
regressor;evento_474
regressor;evento_475
regressor;evento_476
regressor;evento_490
regressor;evento_498
regressor;evento_499
regressor;evento_5
regressor;evento_515
regressor;evento_517
regressor;evento_519
regressor;evento_533
regressor;evento_535
regressor;evento_537
regressor;evento_540
regressor;evento_541
regressor;evento_545
regressor;evento_546
regressor;evento_554
regressor;evento_560
regressor;evento_561
regressor;evento_563
regressor;evento_566
regressor;evento_582
regressor;evento_583
regressor;evento_585
regressor;evento_587
regressor;evento_588
regressor;evento_595
regressor;evento_598
regressor;evento_603
regressor;evento_607
regressor;evento_614
regressor;evento_621
regressor;evento_622
regressor;evento_623
regressor;evento_624
regressor;evento_625
regressor;evento_626
regressor;evento_630
regressor;evento_634
regressor;evento_635
regressor;evento_636
regressor;evento_637
regressor;evento_638
regressor;evento_639
regressor;evento_640
regressor;evento_641
regressor;evento_642
regressor;evento_643
regressor;evento_644
regressor;evento_645
regressor;evento_646
regressor;evento_650
regressor;evento_651
regressor;evento_652
regressor;evento_653
regressor;evento_654
regressor;evento_657
regressor;evento_658
regressor;evento_660
regressor;evento_662
regressor;evento_663
regressor;evento_664
regressor;evento_665
regressor;evento_666
regressor;evento_667
regressor;evento_672
regressor;evento_674
regressor;evento_676
regressor;evento_681
regressor;evento_682
regressor;evento_683
regressor;evento_684
regressor;evento_687
regressor;evento_688
regressor;evento_690
regressor;evento_691
regressor;evento_692
regressor;evento_693
regressor;evento_694
regressor;evento_695
regressor;evento_700
regressor;evento_704
regressor;evento_707
regressor;evento_718
regressor;evento_719
regressor;evento_720
regressor;evento_722
regressor;evento_723
regressor;evento_730
regressor;evento_736
regressor;evento_737
regressor;evento_740
regressor;evento_741
regressor;evento_742
regressor;evento_743
regressor;evento_744
regressor;evento_745
regressor;evento_746
regressor;evento_747
regressor;evento_748
regressor;evento_749
regressor;evento_750
regressor;evento_751
regressor;evento_755
regressor;evento_757
regressor;evento_759
regressor;evento_760
regressor;evento_761
regressor;evento_762
regressor;evento_765
regressor;evento_766
regressor;evento_767
regressor;evento_769
regressor;evento_770
regressor;evento_772
regressor;evento_773
regressor;evento_775
regressor;evento_780
regressor;evento_783
regressor;evento_784
regressor;evento_787
regressor;evento_788
regressor;evento_790
regressor;evento_794
regressor;evento_795
regressor;evento_796
regressor;evento_799
regressor;evento_800
regressor;evento_802
regressor;evento_803
regressor;evento_806
regressor;evento_807
regressor;evento_808
regressor;evento_809
regressor;evento_810
regressor;evento_811
regressor;evento_812
regressor;evento_820
regressor;evento_825
regressor;evento_826
regressor;evento_829
regressor;evento_830
regressor;evento_840
regressor;evento_845
regressor;evento_901
regressor;evento_902
regressor;evento_904
regressor;evento_905
regressor;evento_921
regressor;evento_923
regressor;evento_929
regressor;evento_931
regressor;evento_964
regressor;evento_99
regressor;eventos_anteriores
regressor;historico_ausente
regressor;log_hectares
regressor;regime=Lavra-Concessão
regressor;regime=Pesquisa
regressor;requerentes_titulares_historicos
regressor;substancia_100100
regressor;substancia_100103
regressor;substancia_100400
regressor;substancia_100704
regressor;substancia_100800
regressor;substancia_100801
regressor;substancia_100805
regressor;substancia_100900
regressor;substancia_100901
regressor;substancia_101100
regressor;substancia_101101
regressor;substancia_101104
regressor;substancia_101300
regressor;substancia_101301
regressor;substancia_101302
regressor;substancia_101500
regressor;substancia_101800
regressor;substancia_101900
regressor;substancia_102100
regressor;substancia_102101
regressor;substancia_102200
regressor;substancia_102300
regressor;substancia_102301
regressor;substancia_102303
regressor;substancia_102400
regressor;substancia_102401
regressor;substancia_103100
regressor;substancia_103101
regressor;substancia_103102
regressor;substancia_103200
regressor;substancia_103201
regressor;substancia_103203
regressor;substancia_103300
regressor;substancia_103301
regressor;substancia_103400
regressor;substancia_103500
regressor;substancia_103501
regressor;substancia_103502
regressor;substancia_103503
regressor;substancia_103600
regressor;substancia_103602
regressor;substancia_103603
regressor;substancia_103700
regressor;substancia_103702
regressor;substancia_104300
regressor;substancia_104900
regressor;substancia_104901
regressor;substancia_104908
regressor;substancia_105100
regressor;substancia_105305
regressor;substancia_105324
regressor;substancia_200100
regressor;substancia_200200
regressor;substancia_200208
regressor;substancia_200300
regressor;substancia_200301
regressor;substancia_200400
regressor;substancia_200402
regressor;substancia_200600
regressor;substancia_200603
regressor;substancia_200800
regressor;substancia_200900
regressor;substancia_201200
regressor;substancia_300101
regressor;substancia_300102
regressor;substancia_300313
regressor;substancia_300402
regressor;substancia_400103
regressor;substancia_400109
regressor;substancia_400301
regressor;substancia_400400
regressor;substancia_500102
regressor;substancia_500200
regressor;substancia_601000
regressor;substancia_601005
regressor;substancia_601009
regressor;substancia_601010
regressor;substancia_601012
regressor;substancia_601015
regressor;substancia_601019
regressor;substancia_601024
regressor;substancia_601025
regressor;substancia_601045
regressor;substancia_601051
regressor;substancia_601056
regressor;substancia_601058
regressor;substancia_602003
regressor;substancia_700200
regressor;substancia_700400
regressor;substancia_700900
regressor;substancia_700901
regressor;substancia_701100
regressor;substancia_701202
regressor;substancia_701204
regressor;substancia_701205
regressor;substancia_701400
regressor;substancia_701500
regressor;substancia_701501
regressor;substancia_701505
regressor;substancia_701600
regressor;substancia_701700
regressor;substancia_701703
regressor;substancia_701800
regressor;substancia_701902
regressor;substancia_702100
regressor;substancia_702200
regressor;substancia_702300
regressor;substancia_702400
regressor;substancia_702401
regressor;substancia_702402
regressor;substancia_702600
regressor;substancia_702700
regressor;substancia_702900
regressor;substancia_703200
regressor;substancia_703300
regressor;substancia_703400
regressor;substancia_703600
regressor;substancia_703900
regressor;substancia_704100
regressor;substancia_704105
regressor;substancia_704200
regressor;substancia_704300
regressor;substancia_704400
regressor;substancia_704700
regressor;substancia_704800
regressor;substancia_705100
regressor;substancia_705200
regressor;substancia_705300
regressor;substancia_705400
regressor;substancia_705500
regressor;substancia_705601
regressor;substancia_705700
regressor;substancia_705800
regressor;substancia_705900
regressor;substancia_706100
regressor;substancia_706107
regressor;substancia_707100
regressor;substancia_708100
regressor;substancia_710100
regressor;substancia_710400
regressor;substancia_710500
regressor;substancia_710604
regressor;substancia_710700
regressor;substancia_711400
regressor;substancia_711700
regressor;substancia_711800
regressor;substancia_711805
regressor;substancia_711900
regressor;substancia_712100
regressor;substancia_712200
regressor;substancia_712300
regressor;substancia_712400
regressor;substancia_712500
regressor;substancia_712600
regressor;substancia_713100
regressor;substancia_713200
regressor;substancia_713300
regressor;substancia_713700
regressor;substancia_714100
regressor;substancia_714101
regressor;substancia_800101
regressor;substancia_800300
regressor;substancias_historicas
regressor;titulo_1
regressor;titulo_11
regressor;titulo_3
regressor;titulo_4
regressor;titulo_99
regressor;titulos_publicados
regressor;uf=Acre
regressor;uf=Alagoas
regressor;uf=Amapá
regressor;uf=Amazonas
regressor;uf=Bahia
regressor;uf=Ceará
regressor;uf=Distrito Federal
regressor;uf=Espírito Santo
regressor;uf=Goiás
regressor;uf=Maranhão
regressor;uf=Mato Grosso
regressor;uf=Mato Grosso do Sul
regressor;uf=Minas Gerais
regressor;uf=Paraná
regressor;uf=Paraíba
regressor;uf=Pará
regressor;uf=Pernambuco
regressor;uf=Piauí
regressor;uf=Rio Grande do Norte
regressor;uf=Rio Grande do Sul
regressor;uf=Rio de Janeiro
regressor;uf=Rondônia
regressor;uf=Roraima
regressor;uf=Santa Catarina
regressor;uf=Sergipe
regressor;uf=São Paulo
regressor;uf=Tocantins
